ActualElapsedTime,AirTime,ArrDelay,ArrTime,CRSArrTime,CRSDepTime,CRSElapsedTime,CancellationCode,Cancelled,CarrierDelay,DayOfWeek,DayofMonth,DepDelay,DepTime,Dest,Distance,Diverted,FlightNum,LateAircraftDelay,Month,NASDelay,Origin,SecurityDelay,TailNum,TaxiIn,TaxiOut,UniqueCarrier,WeatherDelay,Year
53,32,-8,1642,1650,1545,65,NA,0,NA,4,10,4,1549,PIT,205,0,209,NA,10,NA,DCA,NA,N443US,7,14,US,NA,2002
164,155,-11,1754,1805,1610,175,NA,0,NA,4,2,0,1610,MCI,1072,0,109,NA,12,NA,MCO,NA,N755,2,7,WN,NA,1999
60,NA,15,2005,1950,1850,60,NA,0,NA,5,10,15,1905,CLT,227,0,1276,NA,12,NA,ATL,NA,NA,NA,NA,DL,NA,1993
51,NA,-5,1818,1823,1728,55,NA,0,NA,4,28,-1,1727,BNA,200,0,961,NA,9,NA,MEM,NA,NA,NA,NA,AA,NA,1989
45,29,2,1120,1118,1030,48,,0,0,1,19,5,1035,CMH,116,0,5873,0,6,0,CVG,0,N785CA,3,13,OH,0,2006
49,37,2,1137,1135,1048,47,NA,0,NA,4,2,0,1048,CLT,156,0,353,NA,1,NA,MYR,NA,N934VJ,6,6,US,NA,1997
61,40,-3,1537,1540,1440,60,,0,NA,7,20,-4,1436,LAW,140,0,3281,NA,7,NA,DFW,NA,N286AE,7,14,MQ,NA,2008
150,126,-19,2015,2034,1745,169,NA,0,NA,4,15,0,1745,ATL,903,0,1521,NA,10,NA,PVD,NA,N919DE,14,10,DL,NA,1998
115,103,-5,735,740,640,120,NA,0,NA,2,16,0,640,SEA,689,0,1678,NA,6,NA,SLC,NA,N346,2,10,WN,NA,1998
NA,NA,NA,NA,730,605,85,B,1,0,7,10,NA,NA,SLC,391,0,4117,0,4,0,DEN,0,N705EV,0,0,EV,0,2005
102,NA,-4,1603,1607,1320,107,NA,0,NA,2,3,1,1321,DFW,641,0,280,NA,12,NA,DEN,NA,NA,NA,NA,CO,NA,1991
87,NA,-8,1547,1555,1322,93,NA,0,NA,3,13,-2,1320,CLE,487,0,142,NA,11,NA,STL,NA,NA,NA,NA,TW,NA,1991
170,135,10,1051,1041,800,161,NA,0,NA,4,22,1,801,MCO,950,0,1123,NA,10,NA,LGA,NA,N558AA,3,32,AA,NA,1998
100,81,-2,1220,1222,1045,97,,0,0,1,6,-5,1040,ATL,300,0,4120,0,11,0,GNV,0,N632AS,10,9,EV,0,2006
60,NA,-5,2040,2045,1940,65,NA,0,NA,6,27,0,1940,DFW,247,0,559,NA,10,NA,SAT,NA,NA,NA,NA,AA,NA,1990
79,70,-16,1444,1500,1220,100,NA,0,NA,7,19,5,1225,PIT,553,0,754,NA,11,NA,STL,NA,N970VJ,5,4,US,NA,1995
174,NA,43,1213,1130,1031,179,NA,0,NA,5,8,48,1119,DEN,1199,0,545,NA,10,NA,ATL,NA,NA,NA,NA,DL,NA,1993
133,117,40,1429,1349,1044,125,NA,0,NA,4,30,32,1116,BOS,867,0,1270,NA,1,NA,ORD,NA,N7280U,5,11,UA,NA,1997
33,22,-3,1916,1919,1845,34,,0,0,2,6,-2,1843,HNL,100,0,549,0,11,0,OGG,0,N477HA,5,6,HA,0,2007
57,31,-9,1659,1708,1612,56,,0,0,5,4,-10,1602,ATL,152,0,4632,0,2,0,TYS,0,N846AS,9,17,EV,0,2005
79,65,13,1558,1545,1420,85,NA,0,NA,3,4,19,1439,SMF,480,0,950,NA,8,NA,SAN,NA,N358,3,11,WN,NA,1999
95,74,136,2343,2127,2035,112,,0,136,7,30,153,2308,SGF,563,0,4811,0,7,0,ATL,0,N854AS,3,18,EV,0,2006
48,NA,-2,1128,1130,1040,50,NA,0,NA,6,7,0,1040,TUL,237,0,14,NA,4,NA,DAL,NA,NA,NA,NA,WN,NA,1990
63,NA,16,1611,1555,1455,60,NA,0,NA,4,17,13,1508,MDW,251,0,842,NA,5,NA,STL,NA,NA,NA,NA,WN,NA,1990
129,NA,9,2159,2150,1850,120,NA,0,NA,4,9,0,1850,MLI,751,0,722,NA,8,NA,DEN,NA,NA,NA,NA,UA,NA,1990
105,61,3,2017,2014,1835,99,NA,0,NA,5,7,-3,1832,PIT,335,0,1587,NA,1,NA,LGA,NA,N934VJ,7,37,US,NA,2000
143,122,4,824,820,600,140,,0,0,4,21,1,601,ATL,780,0,662,0,12,0,HPN,0,N996AT,11,10,FL,0,2006
67,52,-4,1514,1518,1410,68,NA,0,NA,7,23,-3,1407,PVD,328,0,2614,NA,8,NA,BWI,NA,N278AU,6,9,US,NA,1998
97,76,2,1359,1357,1215,102,NA,0,NA,6,23,7,1222,CLE,404,0,281,NA,12,NA,EWR,NA,N27610,4,17,CO,NA,2000
245,228,-14,2007,2021,1800,261,NA,0,NA,2,26,2,1802,DEN,1619,0,239,NA,12,NA,LGA,NA,N327UA,5,12,UA,NA,1995
81,60,-6,1049,1055,930,85,,0,0,2,21,-2,928,MDT,429,0,4473,0,8,0,CVG,0,N926EV,5,16,EV,0,2007
123,86,10,1442,1432,1245,107,NA,0,NA,5,15,-6,1239,DTW,453,0,1781,NA,11,NA,PHL,NA,N775NC,18,19,NW,NA,2002
69,54,-12,1756,1808,1644,84,NA,0,NA,6,29,3,1647,MSP,334,0,765,NA,9,NA,ORD,NA,N986?1,5,10,UA,NA,2001
59,44,-4,1230,1234,1125,69,NA,0,NA,1,24,6,1131,LIT,296,0,489,NA,3,NA,STL,NA,N52310,3,12,TW,NA,1997
110,104,-2,2333,2335,2135,120,NA,0,NA,5,28,8,2143,HOU,687,0,551,NA,12,NA,STL,NA,N81@@@,2,4,WN,NA,2001
119,100,-18,1547,1605,1450,135,,0,0,3,3,-2,1448,ORD,599,0,7449,0,12,0,CLT,0,N679BR,7,11,DH,0,2003
NA,NA,NA,NA,1125,1005,80,NA,1,NA,6,30,NA,NA,ALB,318,0,360,NA,12,NA,DCA,NA,UNKNOW,0,0,US,NA,2000
51,35,-14,647,701,600,61,NA,0,NA,1,12,-4,556,IAH,201,0,2510,NA,5,NA,CRP,NA,N15910,8,8,XE,NA,2003
222,200,-4,1216,1220,830,230,NA,0,NA,4,26,4,834,SJU,1576,0,1268,NA,10,NA,PHL,NA,N782AU,8,14,US,NA,1995
157,144,1,941,940,700,160,NA,0,NA,1,8,4,704,TPA,920,0,223,NA,4,NA,PHL,NA,N223US,5,8,US,NA,1996
59,39,4,917,913,818,55,NA,0,NA,4,30,0,818,ANC,261,0,88,NA,7,NA,FAI,NA,N764AS,5,15,AS,NA,1998
88,75,-10,1250,1300,1125,95,NA,0,NA,7,10,-3,1122,MEM,559,0,1711,NA,9,NA,AUS,NA,N8925E,5,8,NW,NA,1995
66,NA,-5,2205,2210,2200,70,NA,0,NA,5,4,-1,2159,ORD,235,0,1710,NA,2,NA,DTW,NA,NA,NA,NA,NW,NA,1994
64,50,-24,1956,2020,1900,80,,0,0,2,10,-8,1852,LGA,214,0,4976,0,2,0,DCA,0,N720MQ,5,9,MQ,0,2004
NA,NA,NA,NA,841,745,56,B,1,0,5,16,NA,NA,ASE,125,0,7047,0,2,0,DEN,0,N434YV,0,0,YV,0,2007
130,NA,-14,1801,1815,1651,144,NA,0,NA,4,30,0,1651,ORD,717,0,693,NA,8,NA,ORF,NA,NA,NA,NA,UA,NA,1990
280,NA,150,2320,2050,1330,260,NA,0,NA,4,15,130,1540,DTW,1979,0,26,NA,2,NA,LAX,NA,NA,NA,NA,NW,NA,1990
148,105,6,1320,1314,1155,139,NA,0,NA,5,31,-3,1152,STL,737,0,603,NA,3,NA,BWI,NA,N922TW,34,9,TW,NA,2000
64,56,-1,2144,2145,2040,65,,0,0,7,11,0,2040,BUR,358,0,893,0,1,0,SMF,0,N369,1,7,WN,0,2004
85,48,13,623,610,500,70,,0,NA,4,24,-2,458,MSP,284,0,2843,NA,1,NA,GFK,NA,89709E,10,27,9E,NA,2008
75,62,0,2245,2245,2130,75,NA,0,NA,3,22,0,2130,OAK,446,0,398,NA,2,NA,SAN,NA,N513,4,9,WN,NA,1995
166,150,-4,1446,1450,1200,170,,0,0,1,31,0,1200,BDL,1133,0,1449,0,7,0,PBI,0,N6713Y,3,13,DL,0,2006
103,82,62,1536,1434,1238,116,,0,0,5,28,75,1353,BUF,712,0,550,62,12,0,ATL,0,N937AT,4,17,FL,0,2007
160,147,-20,1840,1900,1605,175,NA,0,NA,6,2,-5,1600,TPA,998,0,1218,NA,3,NA,EWR,NA,N17306,3,10,CO,NA,2002
108,NA,3,1358,1355,1210,105,NA,0,NA,1,6,0,1210,SEA,671,0,475,NA,7,NA,OAK,NA,NA,NA,NA,AS,NA,1992
252,211,5,1415,1410,800,250,NA,0,NA,1,25,3,803,ORD,1846,0,46,NA,6,NA,SFO,NA,N589?1,4,37,UA,NA,2001
87,61,-1,727,728,600,88,,0,0,1,5,0,600,RDU,416,0,4625,0,9,0,EWR,0,N704PG,3,23,MQ,0,2005
197,171,-7,1252,1259,1135,204,NA,0,NA,7,29,0,1135,ELP,1282,0,325,NA,12,NA,ATL,NA,N522DA,7,19,DL,NA,2002
80,NA,-5,1235,1240,1115,85,NA,0,NA,2,15,0,1115,ATL,443,0,1018,NA,8,NA,MLB,NA,NA,NA,NA,DL,NA,1989
75,57,8,731,723,500,83,,0,0,1,29,16,516,ATL,425,0,2047,0,9,0,MSY,0,N949DL,5,13,DL,0,2003
66,43,-5,2209,2214,2108,66,,0,0,2,13,-5,2103,FLO,273,0,4255,0,7,0,ATL,0,N923EV,4,19,EV,0,2004
36,NA,3,1533,1530,1500,30,NA,0,NA,3,26,-3,1457,SFO,77,0,1770,NA,12,NA,MRY,NA,NA,NA,NA,UA,NA,1990
99,NA,-12,739,751,700,111,NA,0,NA,7,16,0,700,ORD,607,0,819,NA,4,NA,SYR,NA,NA,NA,NA,AA,NA,1989
51,39,4,1954,1950,1900,50,NA,0,NA,5,21,3,1903,ELP,223,0,432,NA,6,NA,ABQ,NA,N338,2,10,WN,NA,1996
117,93,-12,1719,1731,1516,135,NA,0,NA,1,25,6,1522,BOS,728,0,720,NA,6,NA,CLT,NA,N770??,11,13,US,NA,2001
189,175,-22,433,455,2325,210,,0,NA,2,26,-1,2324,MKE,1524,0,519,NA,8,NA,LAS,NA,N173AT,5,9,FL,NA,2008
149,111,12,1629,1617,1500,137,NA,0,NA,1,11,0,1500,STL,737,0,559,NA,9,NA,BWI,NA,N922TW,4,34,TW,NA,2000
148,125,266,2156,1730,1402,148,,0,259,4,1,266,1828,SJU,1045,0,1049,7,12,0,MIA,0,N623AA,3,20,AA,0,2005
170,155,-13,1149,1202,700,182,NA,0,NA,7,4,-1,659,MSP,1300,0,778,NA,5,NA,LAS,NA,N534US,3,12,NW,NA,2003
108,NA,-1,2203,2204,2015,109,NA,0,NA,7,3,0,2015,SJC,697,0,1442,NA,11,NA,SEA,NA,NA,NA,NA,AA,NA,1991
63,51,-12,938,950,835,75,NA,0,NA,4,18,0,835,ONT,325,0,600,NA,6,NA,PHX,NA,N342,2,10,WN,NA,1998
56,NA,-2,703,705,700,65,NA,0,NA,4,7,7,707,MDW,229,0,531,NA,2,NA,DTW,NA,NA,NA,NA,WN,NA,1991
58,NA,7,1149,1142,1045,57,NA,0,NA,7,10,6,1051,PIT,253,0,327,NA,5,NA,ABE,NA,NA,NA,NA,US,NA,1992
33,NA,-1,2353,2354,2320,34,NA,0,NA,3,11,0,2320,SAN,109,0,1840,NA,11,NA,LAX,NA,NA,NA,NA,PS,NA,1987
163,NA,0,1123,1123,940,163,NA,0,NA,1,12,0,940,DEN,1062,0,1719,NA,10,NA,MSY,NA,NA,NA,NA,CO,NA,1987
57,NA,-4,841,845,745,60,NA,0,NA,3,27,-1,744,PIT,243,0,290,NA,7,NA,AVP,NA,NA,NA,NA,US,NA,1994
139,111,-7,1146,1153,930,143,NA,0,NA,2,25,-3,927,DFW,802,0,2315,NA,6,NA,ORD,NA,N558AA,15,13,AA,NA,2002
97,79,-3,907,910,732,98,,0,0,4,29,-2,730,ORD,522,0,4168,0,9,0,XNA,0,N510AE,3,15,MQ,0,2005
62,43,1,1015,1014,913,61,,0,0,3,3,0,913,ATL,152,0,4215,0,10,0,TYS,0,N925EV,10,9,EV,0,2007
244,217,1,1817,1816,1600,256,,0,0,2,26,13,1613,LAX,1745,0,123,0,8,0,ORD,0,N569UA,9,18,UA,0,2003
109,NA,6,1016,1010,827,103,NA,0,NA,3,28,0,827,DTW,594,0,534,NA,6,NA,ATL,NA,NA,NA,NA,DL,NA,1989
122,78,-9,1055,1104,900,124,,0,0,2,18,-7,853,DTW,501,0,537,0,9,0,LGA,0,N507US,9,35,NW,0,2007
101,85,-17,1736,1753,1700,113,,0,0,5,3,-5,1655,PIA,564,0,4646,0,12,0,ATL,0,N858AS,2,14,EV,0,2004
97,84,-2,1015,1017,844,93,,0,0,7,22,-6,838,ATL,445,0,307,0,7,0,SRQ,0,N149AT,5,8,FL,0,2007
158,140,-4,1434,1438,1200,158,,0,NA,4,25,-4,1156,MCO,1011,0,554,NA,12,NA,BUF,NA,N267AT,8,10,FL,NA,2008
57,43,31,1404,1333,1230,63,NA,0,NA,7,20,37,1307,GRR,268,0,2017,NA,10,NA,CVG,NA,N322DL,5,9,DL,NA,1996
148,131,-9,826,835,700,155,NA,0,NA,4,1,-2,658,MSP,906,0,739,NA,8,NA,ATL,NA,N95S,4,13,NW,NA,1996
115,103,5,1435,1430,1240,110,,0,0,2,21,0,1240,PHX,646,0,1405,0,10,0,OAK,0,N520,4,8,WN,0,2003
206,180,9,2051,2042,1916,206,NA,0,NA,6,8,9,1925,SNA,1205,0,1169,NA,9,NA,DFW,NA,N417A1,8,18,AA,NA,2001
140,123,11,1022,1011,700,131,,0,0,3,23,2,702,CVG,812,0,1610,0,7,0,DFW,0,N394DA,5,12,DL,0,2003
233,212,-23,1649,1712,1500,252,NA,0,NA,3,21,-4,1456,SNA,1726,0,649,NA,7,NA,ORD,NA,N5CNAA,5,16,AA,NA,1999
118,99,4,1638,1634,1541,113,,0,0,2,27,-1,1540,DEN,627,0,6554,0,3,0,FAR,0,N951SW,6,13,OO,0,2007
100,NA,3,1748,1745,1510,95,NA,0,NA,7,12,-2,1508,DSM,589,0,690,NA,3,NA,DEN,NA,NA,NA,NA,UA,NA,1989
160,142,-39,1154,1233,915,198,NA,0,NA,6,25,-1,914,MIA,1097,0,813,NA,12,NA,LGA,NA,N629AA,4,14,AA,NA,1999
51,41,4,1209,1205,1110,55,NA,0,NA,4,5,8,1118,TPA,197,0,1119,NA,12,NA,FLL,NA,N635,3,7,WN,NA,2002
83,64,-9,1035,1044,919,85,,0,0,5,16,-7,912,MSP,349,0,221,0,3,0,MDW,0,N944AT,8,11,FL,0,2007
97,88,7,1542,1535,1455,100,NA,0,NA,1,19,10,1505,ABQ,580,0,30,NA,1,NA,DAL,NA,N620,3,6,WN,NA,1998
115,NA,12,2055,2043,1757,106,NA,0,NA,5,18,3,1800,PHX,646,0,482,NA,1,NA,OAK,NA,NA,NA,NA,HP,NA,1991
87,NA,5,1607,1602,1440,82,NA,0,NA,1,7,0,1440,SFO,421,0,495,NA,6,NA,PSP,NA,NA,NA,NA,AS,NA,1993
40,28,-10,850,900,810,50,,0,0,5,7,0,810,ORF,159,0,1272,0,5,0,BWI,0,N633SW,2,10,WN,0,2004
63,45,-11,1749,1800,1650,70,,0,0,3,27,-4,1646,PHL,267,0,1465,0,12,0,PIT,0,N722UW,5,13,US,0,2006
71,42,2,1820,1818,1716,62,,0,NA,3,29,-7,1709,IAH,201,0,2842,NA,10,NA,LFT,NA,N13968,5,24,XE,NA,2008
180,158,3,2006,2003,1610,173,NA,0,NA,2,25,-4,1606,DCA,1208,0,468,NA,3,NA,IAH,NA,N17329,4,18,CO,NA,1997
119,97,-22,2258,2320,1958,142,,0,0,4,19,1,1959,JAX,817,0,168,0,4,0,IAH,0,N18622,6,16,CO,0,2007
250,233,15,1025,1010,815,235,,0,0,7,2,0,815,LAS,1521,0,880,0,11,15,MDW,0,N432,5,12,WN,0,2003
95,70,2,1037,1035,900,95,,0,0,6,31,2,902,STL,546,0,222,0,3,0,DAL,0,N322SW,4,21,WN,0,2007
269,233,48,2222,2134,1900,274,,0,6,1,4,53,1953,SFO,1846,0,157,42,8,0,ORD,0,N452UA,7,29,UA,0,2003
94,74,2,1713,1711,1545,86,,0,0,1,10,-6,1539,PHL,336,0,1238,0,12,0,RDU,0,N763US,9,11,US,0,2007
81,55,11,1127,1116,1008,68,NA,0,NA,5,28,-2,1006,PHX,338,0,204,NA,8,NA,SNA,NA,N169AW,6,20,HP,NA,1998
94,74,13,1008,955,920,95,NA,0,NA,3,20,14,934,STL,440,0,484,NA,5,NA,DTW,NA,N686,5,15,WN,NA,1998
80,64,22,1547,1525,1410,75,NA,0,NA,4,12,17,1427,OMA,423,0,332,NA,6,NA,MDW,NA,N686,8,8,WN,NA,1997
104,82,5,1412,1407,1225,102,NA,0,NA,2,5,3,1228,EWR,529,0,1123,NA,9,NA,CLT,NA,N829US,5,17,US,NA,1995
104,84,3,1137,1134,955,99,NA,0,NA,5,4,-2,953,CLE,554,0,1220,NA,7,NA,ATL,NA,N10251,6,14,CO,NA,1997
104,94,14,1654,1640,1545,115,NA,0,NA,4,7,25,1610,MDW,611,0,1377,NA,10,NA,BWI,NA,N358,4,6,WN,NA,1999
124,91,17,1154,1137,850,107,NA,0,NA,7,10,0,850,TPA,656,0,878,NA,10,NA,MEM,NA,N343NW,5,28,NW,NA,1999
84,NA,2,1519,1517,1355,82,NA,0,NA,6,28,0,1355,PVD,467,0,148,NA,3,NA,PIT,NA,NA,NA,NA,US,NA,1992
66,NA,-12,951,1003,945,78,NA,0,NA,7,5,0,945,MGM,372,0,1499,NA,7,NA,CLT,NA,NA,NA,NA,US,NA,1992
90,80,-10,1225,1235,1055,100,NA,0,NA,4,3,0,1055,OAK,543,0,1662,NA,4,NA,PDX,NA,N693,5,5,WN,NA,2003
58,49,-2,1933,1935,1835,60,NA,0,NA,6,4,0,1835,DAL,293,0,392,NA,7,NA,LBB,NA,N504,3,6,WN,NA,1998
273,231,0,610,610,2240,270,,0,0,4,12,-3,2237,JAX,2153,0,872,0,4,0,LAX,0,N3763D,19,23,DL,0,2007
72,NA,71,2134,2023,1903,80,NA,0,NA,2,11,79,2022,BTV,266,0,1288,NA,6,NA,EWR,NA,NA,NA,NA,CO,NA,1991
385,363,21,1141,1120,745,395,,0,0,6,19,31,816,SFO,2704,0,173,16,2,5,BOS,0,N649UA,6,16,UA,0,2005
76,48,11,1255,1244,1142,62,NA,0,NA,2,24,-3,1139,LIT,304,0,868,NA,11,NA,DFW,NA,N2ATAA,6,22,AA,NA,1998
50,NA,5,1150,1145,1100,45,NA,0,NA,4,19,0,1100,HOU,192,0,559,NA,11,NA,SAT,NA,NA,NA,NA,WN,NA,1992
389,369,-2,2257,2259,1920,399,,0,0,7,23,8,1928,ANC,2846,0,131,0,7,0,ORD,0,N615AS,6,14,AS,0,2006
142,121,-6,919,925,601,144,NA,0,NA,6,24,-4,557,DEN,992,0,1592,NA,8,NA,PDX,NA,N461UA,10,11,UA,NA,2002
75,61,-5,635,640,620,80,,0,0,4,19,0,620,SEA,399,0,789,0,6,0,BOI,0,N699,5,9,WN,0,2003
80,68,0,2045,2045,1925,80,NA,0,NA,5,28,0,1925,SNA,371,0,690,NA,5,NA,OAK,NA,N510,5,7,WN,NA,1999
86,70,-7,751,758,630,88,,0,0,3,25,-5,625,IAH,321,0,9552,0,5,0,SJT,0,N586SW,7,9,OO,0,2005
150,86,37,1203,1126,935,111,NA,0,NA,1,28,-2,933,DTW,594,0,476,NA,6,NA,ATL,NA,N8877Z,6,58,NW,NA,1999
126,108,0,1417,1417,1209,128,,0,0,4,31,2,1211,LAS,762,0,602,0,7,0,PDX,0,N958AS,10,8,AS,0,2003
51,NA,31,1321,1250,1151,59,NA,0,NA,3,28,39,1230,IAH,224,0,1428,NA,9,NA,DFW,NA,NA,NA,NA,DL,NA,1994
47,40,-8,2112,2120,2025,55,NA,0,NA,1,1,0,2025,SAT,248,0,173,NA,6,NA,DAL,NA,N334,2,5,WN,NA,1998
70,47,7,735,728,610,78,,0,0,2,30,15,625,IAD,288,0,7333,0,12,0,CLE,0,N706BR,7,16,DH,0,2003
71,58,-8,1113,1121,1006,75,NA,0,NA,3,9,-4,1002,PHX,355,0,2510,NA,7,NA,LGB,NA,N169AW,7,6,HP,NA,1997
98,73,86,1714,1548,1446,62,,0,0,1,20,50,1536,DFW,282,0,3406,50,3,36,LBB,0,N695AE,14,11,MQ,0,2006
139,115,-8,1822,1830,1500,150,NA,0,NA,6,13,3,1503,MCO,1005,0,929,NA,6,NA,ORD,NA,N429UA,6,18,UA,NA,1998
169,NA,-9,2341,2350,1953,177,NA,0,NA,2,2,-1,1952,IAH,1195,0,1614,NA,6,NA,SLC,NA,NA,NA,NA,DL,NA,1992
100,79,-1,1159,1200,1020,100,NA,0,NA,5,7,-1,1019,MSP,449,0,126,NA,3,NA,STL,NA,N414EA,4,17,TW,NA,1997
81,NA,2,911,909,750,79,NA,0,NA,6,22,0,750,ORD,258,0,888,NA,4,NA,STL,NA,NA,NA,NA,AA,NA,1989
76,NA,19,1549,1530,1435,55,NA,0,NA,2,13,-2,1433,FSD,197,0,152,NA,3,NA,MSP,NA,NA,NA,NA,NW,NA,1990
71,53,16,1823,1807,1641,86,,0,6,4,9,31,1712,CRP,354,0,3367,10,12,0,DFW,0,N630AE,4,14,MQ,0,2004
233,207,-4,1912,1916,1720,236,,0,0,3,25,-1,1719,SAN,1532,0,185,0,1,0,MSP,0,N541US,3,23,NW,0,2006
140,NA,120,1506,1306,1000,126,NA,0,NA,7,13,106,1146,DEN,862,0,278,NA,12,NA,LAX,NA,NA,NA,NA,UA,NA,1987
NA,NA,NA,NA,1130,1005,85,NA,1,NA,2,18,NA,NA,BWI,495,0,1162,NA,2,NA,SDF,NA,,0,0,WN,NA,2003
160,NA,4,2055,2051,1815,156,NA,0,NA,4,19,0,1815,SNA,978,0,1635,NA,8,NA,SEA,NA,NA,NA,NA,AA,NA,1993
53,NA,2,1256,1254,1205,49,NA,0,NA,1,8,-2,1203,IAD,134,0,1195,NA,5,NA,PHL,NA,NA,NA,NA,UA,NA,1989
145,117,-7,1333,1340,1110,150,NA,0,NA,3,20,-2,1108,DCA,920,0,1378,NA,11,NA,MIA,NA,N3CUAA,4,24,AA,NA,2002
80,NA,3,1632,1629,1510,79,NA,0,NA,4,23,2,1512,DCA,444,0,149,NA,5,NA,CHS,NA,NA,NA,NA,US,NA,1991
70,60,33,1553,1520,1355,85,NA,0,NA,6,19,48,1443,MCI,405,0,428,NA,1,NA,MDW,NA,N639@@,3,7,WN,NA,2002
160,NA,-4,1401,1405,1020,165,NA,0,NA,4,1,1,1021,BWI,NA,0,430,NA,2,NA,DFW,NA,NA,NA,NA,DL,NA,1990
81,NA,1,1425,1424,1305,79,NA,0,NA,6,1,-1,1304,MDW,349,0,704,NA,8,NA,MSP,NA,NA,NA,NA,NW,NA,1992
168,149,0,1758,1758,1410,168,,0,0,5,15,0,1410,MSP,1142,0,1274,0,7,0,BOI,0,N356NW,7,12,NW,0,2005
111,97,31,1526,1455,1300,115,NA,0,NA,7,5,35,1335,MDW,666,0,123,NA,10,NA,JAN,NA,N722,5,9,WN,NA,1997
57,43,-14,1957,2011,1907,64,NA,0,NA,7,27,-7,1900,STL,229,0,3147,NA,4,NA,IND,NA,N4XDAA,5,9,AA,NA,2003
53,NA,-7,2203,2210,2110,60,NA,0,NA,5,25,0,2110,PHX,256,0,1236,NA,9,NA,LAS,NA,NA,NA,NA,HP,NA,1992
67,NA,8,1912,1904,1755,69,NA,0,NA,3,27,10,1805,BUR,325,0,2457,NA,12,NA,OAK,NA,NA,NA,NA,US,NA,1989
165,NA,10,2141,2131,1734,177,NA,0,NA,5,16,22,1756,DCA,1208,0,412,NA,10,NA,IAH,NA,NA,NA,NA,CO,NA,1992
101,90,0,1600,1600,1410,110,,0,NA,1,16,9,1419,MDW,570,0,2976,NA,6,NA,BHM,NA,N387SW,4,7,WN,NA,2008
58,37,-6,931,937,840,57,,0,NA,7,20,-7,833,IAH,140,0,1758,NA,4,NA,AUS,NA,N14645,4,17,CO,NA,2008
286,222,24,1813,1749,1030,259,NA,0,NA,2,18,-3,1027,DTW,1979,0,330,NA,7,NA,LAX,NA,N508US,51,13,NW,NA,1995
130,NA,11,914,903,804,119,NA,0,NA,7,5,0,804,BNA,675,0,1159,NA,4,NA,PHL,NA,NA,NA,NA,AA,NA,1992
213,NA,1,1721,1720,1150,210,NA,0,NA,7,16,-2,1148,MSP,1578,0,602,NA,5,NA,OAK,NA,NA,NA,NA,NW,NA,1993
81,64,-10,1839,1849,1725,84,,0,0,3,28,-7,1718,LGB,402,0,201,0,11,0,RNO,0,N11194,5,12,XE,0,2007
204,NA,-3,1547,1550,1015,215,NA,0,NA,1,8,8,1023,STL,1584,0,26,NA,2,NA,BUR,NA,NA,NA,NA,TW,NA,1988
69,NA,-1,1614,1615,1505,70,NA,0,NA,2,26,0,1505,ONT,361,0,674,NA,1,NA,OAK,NA,NA,NA,NA,WN,NA,1993
35,NA,3,1130,1127,1045,42,NA,0,NA,1,24,10,1055,CLT,155,0,1475,NA,7,NA,ROA,NA,NA,NA,NA,PI,NA,1989
347,321,-2,528,530,2045,345,NA,0,NA,2,29,-4,2041,ORD,2846,0,456,NA,8,NA,ANC,NA,N513UA,10,16,UA,NA,2000
110,100,-10,1930,1940,1740,120,,0,0,1,23,0,1740,BNA,756,0,324,0,6,0,AUS,0,N371,5,5,WN,0,2003
231,211,-20,1050,1110,855,255,,0,0,3,25,4,859,PDX,1739,0,549,0,7,0,ORD,0,N412UA,2,18,UA,0,2007
151,115,10,1331,1321,1002,139,NA,0,NA,3,6,-2,1000,LGA,887,0,3140,NA,2,NA,STL,NA,N4?B??,4,32,AA,NA,2002
85,56,19,2055,2036,1910,86,NA,0,NA,5,16,20,1930,LAX,337,0,2049,NA,2,NA,SFO,NA,N399UA,8,21,UA,NA,1996
75,45,22,1140,1118,1006,72,,0,22,5,20,19,1025,PSP,261,0,2741,0,10,0,PHX,0,N918FJ,5,25,YV,0,2006
344,308,-31,2252,2323,2010,373,NA,0,NA,7,23,-2,2008,LAX,2454,0,1802,NA,9,NA,EWR,NA,N33714,17,19,CO,NA,2001
127,91,21,1938,1917,1725,112,NA,0,NA,1,16,6,1731,DTW,487,0,489,NA,9,NA,EWR,NA,N17614,8,28,CO,NA,1996
59,46,-2,1013,1015,915,60,,0,0,6,3,-1,914,ISP,220,0,1569,0,11,0,BWI,0,N784SW,3,10,WN,0,2007
37,23,-3,1219,1222,1145,37,,0,NA,2,16,-3,1142,OGG,100,0,528,NA,9,NA,HNL,NA,N475HA,4,10,HA,NA,2008
NA,NA,NA,NA,805,655,70,NA,1,NA,3,14,NA,NA,PIT,259,0,527,NA,6,NA,RIC,NA,UNKNOW,0,0,US,NA,2000
75,NA,28,1718,1650,1527,83,NA,0,NA,5,5,36,1603,SRQ,445,0,335,NA,2,NA,ATL,NA,NA,NA,NA,DL,NA,1993
172,NA,-2,1104,1106,914,172,NA,0,NA,7,31,-2,912,ABQ,1118,0,489,NA,10,NA,ORD,NA,NA,NA,NA,AA,NA,1993
290,254,-4,1755,1759,1610,289,,0,NA,5,7,-5,1605,LAX,1946,0,125,NA,11,NA,ATL,NA,N829MH,9,27,DL,NA,2008
90,NA,-13,2032,2045,1903,102,NA,0,NA,2,14,-1,1902,ORD,409,0,739,NA,6,NA,BNA,NA,NA,NA,NA,AA,NA,1994
45,NA,0,1700,1700,1620,40,NA,0,NA,6,24,-5,1615,DTW,98,0,275,NA,6,NA,MBS,NA,NA,NA,NA,NW,NA,1989
161,143,12,1407,1355,1100,175,NA,0,NA,4,29,26,1126,BDL,1133,0,2436,NA,3,NA,PBI,NA,#NAME?,3,15,DL,NA,2001
313,298,25,1742,1717,1450,327,NA,0,NA,5,23,39,1529,SFO,2254,0,75,NA,5,NA,PIT,NA,N625AU,8,7,US,NA,1997
111,NA,4,2101,2057,1900,117,NA,0,NA,4,1,10,1910,ICT,588,0,553,NA,12,NA,ORD,NA,NA,NA,NA,UA,NA,1994
68,56,-7,823,830,715,75,,0,0,7,28,0,715,BWI,328,0,610,0,8,0,PVD,0,N660SW,2,10,WN,0,2005
70,NA,25,1345,1320,1235,45,NA,0,NA,1,11,0,1235,RDU,130,0,322,NA,10,NA,CLT,NA,NA,NA,NA,US,NA,1993
97,66,-8,2120,2128,2048,100,,0,0,3,22,-5,2043,AEX,500,0,4577,0,11,0,ATL,0,N935EV,4,27,EV,0,2006
77,59,-4,901,905,744,81,NA,0,NA,6,4,0,744,BNA,409,0,1448,NA,1,NA,ORD,NA,N9072U,5,13,UA,NA,1997
300,454,4,649,645,2255,290,,0,0,5,13,-6,2249,EWR,2401,0,14,0,6,0,SEA,0,N611AS,15,11,AS,0,2003
189,171,-3,504,507,55,192,NA,0,NA,2,4,0,55,SEA,1449,0,404,NA,6,NA,ANC,NA,N527UA,5,13,UA,NA,1996
51,NA,13,806,753,705,48,NA,0,NA,2,28,10,715,PDX,129,0,702,NA,12,NA,SEA,NA,NA,NA,NA,AS,NA,1993
109,NA,2,1947,1945,1652,113,NA,0,NA,3,28,6,1658,SDF,733,0,386,NA,7,NA,DFW,NA,NA,NA,NA,DL,NA,1993
92,78,94,1449,1315,1030,105,NA,0,NA,7,11,107,1217,SLC,630,0,280,NA,6,NA,PDX,NA,N2819W,3,11,DL,NA,1995
85,NA,56,2156,2100,2000,60,NA,0,NA,2,24,31,2031,TUL,237,0,1850,NA,8,NA,DFW,NA,NA,NA,NA,AA,NA,1993
144,123,-1,2144,2145,1925,140,,0,0,1,8,-5,1920,TPA,894,0,927,0,3,0,CAK,0,N958AT,5,16,FL,0,2004
178,150,38,2240,2202,1805,177,,0,37,2,16,37,1842,FLL,1166,0,640,0,9,1,MDW,0,N303TZ,7,21,TZ,0,2003
151,NA,89,1841,1712,1535,157,NA,0,NA,4,10,95,1710,SLC,988,0,629,NA,3,NA,DFW,NA,NA,NA,NA,DL,NA,1994
145,91,46,2211,2125,1930,115,NA,0,NA,3,2,16,1946,DTW,529,0,1453,NA,7,NA,ORF,NA,N778NC,46,8,NW,NA,1997
203,NA,-27,1554,1621,1333,228,NA,0,NA,5,3,-2,1331,DFW,1372,0,1783,NA,6,NA,EWR,NA,NA,NA,NA,AA,NA,1994
86,67,2,1423,1421,1243,98,NA,0,NA,2,25,14,1257,MAF,309,0,3677,NA,6,NA,DFW,NA,N904MQ,4,15,MQ,NA,2002
111,NA,-7,1612,1619,1321,118,NA,0,NA,7,15,0,1321,ORF,784,0,338,NA,1,NA,STL,NA,NA,NA,NA,TW,NA,1989
72,NA,0,1140,1140,1027,73,NA,0,NA,1,21,1,1028,DCA,411,0,976,NA,3,NA,CVG,NA,NA,NA,NA,DL,NA,1994
72,58,104,1239,1055,940,75,,0,104,6,21,107,1127,MHT,377,0,891,0,2,0,BWI,0,N343,3,11,WN,0,2004
231,NA,-14,2045,2059,1844,255,NA,0,NA,2,6,10,1854,SAN,1723,0,37,NA,9,NA,ORD,NA,NA,NA,NA,AA,NA,1988
187,NA,-17,1104,1121,657,204,NA,0,NA,5,27,0,657,EWR,1372,0,120,NA,9,NA,DFW,NA,NA,NA,NA,AA,NA,1991
49,38,-6,1244,1250,1155,55,NA,0,NA,6,17,0,1155,FLL,197,0,319,NA,3,NA,TPA,NA,N645@@,3,8,WN,NA,2001
63,NA,-7,1823,1830,1820,70,NA,0,NA,3,8,0,1820,PHX,328,0,563,NA,4,NA,ABQ,NA,NA,NA,NA,WN,NA,1992
177,NA,30,1142,1112,925,167,NA,0,NA,5,17,20,945,STL,892,0,529,NA,7,NA,JFK,NA,NA,NA,NA,TW,NA,1992
186,167,23,1720,1657,1520,157,,0,0,2,4,-6,1514,IAH,845,0,2072,0,9,23,IND,0,N13978,6,13,XE,0,2007
109,89,6,1154,1148,905,103,NA,0,NA,4,16,0,905,DFW,641,0,618,NA,4,NA,DEN,NA,N469DA,8,12,DL,NA,1998
82,45,376,1932,1316,1308,68,,0,0,2,26,362,1910,ORD,179,0,7327,376,2,0,LAN,0,N75996,12,25,YV,0,2008
169,NA,-2,2015,2017,1630,167,NA,0,NA,7,27,-4,1626,PIT,1277,0,270,NA,12,NA,SAT,NA,NA,NA,NA,US,NA,1987
46,NA,-2,1257,1259,1210,49,NA,0,NA,5,28,1,1211,MCO,227,0,1823,NA,6,NA,TLH,NA,NA,NA,NA,US,NA,1991
103,NA,6,1622,1616,1437,99,NA,0,NA,3,28,2,1439,HSV,603,0,912,NA,6,NA,DFW,NA,NA,NA,NA,AA,NA,1989
265,234,-10,1647,1657,1025,272,,0,0,2,15,-3,1022,EWR,2133,0,1534,0,2,0,PHX,0,N15712,7,24,CO,0,2005
169,NA,-6,2142,2148,1855,173,NA,0,NA,6,29,-2,1853,JFK,1069,0,194,NA,6,NA,FLL,NA,NA,NA,NA,TW,NA,1991
116,97,-5,1810,1815,1715,120,,0,0,7,4,-1,1714,BNA,616,0,3238,0,11,0,MCO,0,N372SW,5,14,WN,0,2007
43,NA,1,711,710,630,40,NA,0,NA,1,23,-2,628,SPN,129,0,931,NA,9,NA,GUM,NA,NA,NA,NA,CO,NA,1991
72,46,11,1310,1259,1200,59,,0,0,3,29,-2,1158,DTW,120,0,1690,0,11,0,GRR,0,N326NB,11,15,NW,0,2006
128,92,6,2138,2132,1930,122,NA,0,NA,1,26,0,1930,DTW,594,0,501,NA,2,NA,ATL,NA,N729RW,5,31,NW,NA,1996
98,69,108,2034,1846,1700,106,NA,0,NA,6,18,116,1856,EWR,487,0,348,NA,3,NA,DTW,NA,N337NW,9,20,NW,NA,2000
93,65,-14,1854,1908,1725,103,,0,0,3,29,-4,1721,RDU,416,0,445,0,3,0,EWR,0,N19621,3,25,CO,0,2006
104,82,0,2234,2234,2054,100,,0,0,5,9,-4,2050,HSV,603,0,826,0,9,0,DFW,0,N518AA,4,18,AA,0,2005
146,127,-6,1155,1201,835,146,NA,0,NA,6,23,-6,829,PHX,1009,0,576,NA,11,NA,PDX,NA,N830AW,9,10,HP,NA,2002
113,NA,11,1311,1300,1100,120,NA,0,NA,6,7,18,1118,PHX,651,0,1214,NA,4,NA,SFO,NA,NA,NA,NA,UA,NA,1990
109,97,41,2231,2150,2000,110,,0,5,2,20,42,2042,SMF,647,0,2218,36,6,0,PHX,0,N642WN,4,8,WN,0,2006
116,93,-9,714,723,520,123,NA,0,NA,3,4,-2,518,ATL,594,0,1162,NA,2,NA,DTW,NA,N918DL,9,14,DL,NA,1998
235,211,-4,1842,1846,1255,231,,0,0,7,25,-8,1247,DTW,1671,0,230,0,11,0,PHX,0,N810AW,10,14,US,0,2007
290,NA,2,612,610,2205,305,NA,0,NA,3,31,17,2222,JFK,2586,0,44,NA,7,NA,SFO,NA,NA,NA,NA,TW,NA,1991
98,82,-18,1909,1927,1635,112,NA,0,NA,6,17,-4,1631,DTW,629,0,640,NA,8,NA,MCI,NA,N913RW,3,13,NW,NA,1996
55,39,3,1424,1421,1330,51,NA,0,NA,3,20,-1,1329,CLT,168,0,1160,NA,8,NA,CHS,NA,N342US,3,13,US,NA,1997
189,NA,-11,1609,1620,1400,200,NA,0,NA,1,28,0,1400,DFW,1121,0,573,NA,3,NA,MIA,NA,NA,NA,NA,PA,,
-1,NA,1988,,,,,,,,,,,,,,,,,,,,,,,,,,
117,97,3,1049,1046,755,111,NA,0,NA,4,6,-3,752,ATL,669,0,1571,NA,7,NA,MKE,NA,N997DL,7,13,DL,NA,2000
145,NA,-8,954,1002,730,152,NA,0,NA,6,14,-1,729,DCA,920,0,1239,NA,8,NA,MIA,NA,NA,NA,NA,UA,NA,1993
295,268,-5,1045,1050,855,295,,0,NA,3,13,-5,850,SEA,1964,0,1575,NA,8,NA,CVG,NA,N3735D,13,14,DL,NA,2008
46,33,25,1823,1758,1700,58,NA,0,NA,4,11,37,1737,IAH,224,0,1794,NA,5,NA,DFW,NA,N33506,5,8,CO,NA,1995
47,35,-3,1021,1024,935,49,NA,0,NA,4,18,-1,934,AUS,189,0,2517,NA,2,NA,DAL,NA,N464AA,3,9,AA,NA,1999
149,112,-15,1624,1639,1500,159,,0,0,7,13,-5,1455,ORD,733,0,685,0,6,0,LGA,0,N203UA,23,14,UA,0,2004
57,NA,12,2137,2125,2030,55,NA,0,NA,6,5,10,2040,BUR,223,0,615,NA,3,NA,LAS,NA,NA,NA,NA,WN,NA,1994
103,90,11,1453,1442,1252,110,NA,0,NA,5,22,18,1310,ALB,646,0,278,NA,12,NA,CLT,NA,N228US,4,9,US,NA,1995
77,63,-12,1121,1133,1105,88,NA,0,NA,6,3,-1,1104,IND,432,0,1190,NA,8,NA,ATL,NA,N959DL,7,7,DL,NA,2002
58,51,-10,1630,1640,1535,65,,0,0,6,28,-3,1532,BDL,283,0,715,0,1,0,BWI,0,N367,2,5,WN,0,2006
124,118,-11,1309,1320,1005,135,NA,0,NA,7,4,0,1005,PVD,907,0,333,NA,5,NA,BNA,NA,N652,2,4,WN,NA,2003
54,42,-1,1814,1815,1720,55,,0,0,2,5,0,1720,HRL,276,0,39,0,7,0,HOU,0,N527,2,10,WN,0,2005
60,39,-6,1130,1136,1030,66,NA,0,NA,3,12,0,1030,LGA,214,0,1748,NA,4,NA,DCA,NA,N412DA,7,14,DL,NA,2000
84,NA,-16,1212,1228,1050,98,NA,0,NA,3,15,-2,1048,SFO,451,0,2782,NA,2,NA,EUG,NA,NA,NA,NA,US,NA,1989
159,NA,-9,1124,1133,945,168,NA,0,NA,2,1,0,945,MEM,946,0,791,NA,12,NA,EWR,NA,NA,NA,NA,NW,NA,1987
86,NA,-5,915,920,750,90,NA,0,NA,6,18,-1,749,CLT,500,0,1758,NA,8,NA,DTW,NA,NA,NA,NA,US,NA,1990
132,112,15,1835,1820,1735,105,,0,0,1,24,-12,1723,DEN,589,0,1163,0,5,15,DSM,0,N337UA,9,11,UA,0,2004
133,121,-2,1308,1310,1255,135,NA,0,NA,7,20,0,1255,PHX,872,0,639,NA,6,NA,AUS,NA,N352,4,8,WN,NA,1999
271,253,-22,1823,1845,1645,300,,0,0,7,2,7,1652,SFO,2036,0,660,0,5,0,CVG,0,N384DA,9,9,DL,0,2004
106,79,-14,1402,1416,1220,116,,0,0,1,27,-4,1216,TUL,585,0,517,0,10,0,ORD,0,N554AA,5,22,AA,0,2003
152,NA,-2,2058,2100,1830,150,NA,0,NA,3,5,-4,1826,MIA,920,0,1135,NA,8,NA,DCA,NA,NA,NA,NA,UA,NA,1992
67,56,-12,808,820,659,81,NA,0,NA,6,25,2,701,OAK,337,0,2526,NA,11,NA,LAX,NA,N933UA,4,7,UA,NA,2000
52,43,-8,927,935,935,60,NA,0,NA,1,27,0,935,MDW,271,0,276,NA,9,NA,SDF,NA,N95,4,5,WN,NA,1999
NA,NA,NA,NA,1918,1815,63,NA,1,NA,2,15,NA,NA,MSP,232,0,1229,NA,9,NA,DSM,NA,UNKNOW,0,0,NW,NA,1998
87,71,-17,1453,1510,1330,100,,0,0,7,11,-4,1326,RSW,515,0,855,0,11,0,ATL,0,N922DL,4,12,DL,0,2007
233,220,24,1311,1247,650,237,NA,0,NA,3,24,28,718,ORD,1781,0,1214,NA,9,NA,SMF,NA,N315UA,4,9,UA,NA,1997
128,NA,2,1902,1900,1655,125,NA,0,NA,3,25,-1,1654,BNA,822,0,663,NA,3,NA,SAT,NA,NA,NA,NA,AA,NA,1992
62,NA,-2,1840,1842,1740,62,NA,0,NA,6,29,-2,1738,MSP,252,0,1597,NA,6,NA,GRB,NA,NA,NA,NA,NW,NA,1991
43,NA,-2,1930,1932,1948,44,NA,0,NA,3,5,-1,1947,FWA,196,0,57,NA,10,NA,CAK,NA,NA,NA,NA,AA,NA,1988
154,142,-3,2116,2119,1845,154,,0,0,4,5,-3,1842,LAX,954,0,703,0,5,0,SEA,0,N593UA,4,8,UA,0,2005
55,NA,-3,1251,1254,1155,59,NA,0,NA,6,22,1,1156,SYR,194,0,1647,NA,2,NA,EWR,NA,NA,NA,NA,US,NA,1992
66,57,-1,1944,1945,1835,70,NA,0,NA,1,9,3,1838,SMF,358,0,607,NA,1,NA,BUR,NA,N356,2,7,WN,NA,1995
103,85,-18,733,751,650,121,,0,0,1,20,0,650,ORD,612,0,685,0,9,0,DCA,0,N436AA,6,12,AA,0,2004
73,NA,-7,1841,1848,1730,78,NA,0,NA,7,9,-2,1728,MEM,369,0,936,NA,8,NA,VPS,NA,NA,NA,NA,NW,NA,1992
49,31,-10,1158,1208,1117,51,,0,0,4,19,-8,1109,IYK,123,0,6084,0,4,0,LAX,0,N568SW,4,14,OO,0,2007
154,143,-6,730,736,600,156,,0,0,2,14,-4,556,PHX,868,0,541,0,2,0,DFW,0,N302AW,2,9,US,0,2006
121,109,45,1545,1500,1302,118,NA,0,NA,6,10,42,1344,SEA,697,0,749,NA,3,NA,SJC,NA,N933A?,5,7,AS,NA,2001
265,NA,-4,1506,1510,740,270,NA,0,NA,6,14,1,741,PIT,2136,0,82,NA,7,NA,LAX,NA,NA,NA,NA,US,NA,1990
82,66,-16,1622,1638,1510,88,,0,0,4,21,-10,1500,IAH,395,0,2837,0,10,0,OKC,0,N16999,7,9,XE,0,2004
112,83,73,2201,2048,1900,108,,0,0,5,1,69,2009,SYR,603,0,576,69,7,4,CLT,0,N777AU,4,25,US,0,2005
229,196,-5,1908,1913,1320,233,NA,0,NA,3,11,-1,1319,ORD,1726,0,1914,NA,10,NA,SNA,NA,N610AA,15,18,AA,NA,2000
209,197,2,1214,1212,1005,247,NA,0,NA,4,8,40,1045,DEN,1557,0,131,NA,7,NA,PHL,NA,N517AU,4,8,US,NA,1999
158,128,59,1706,1607,1248,139,NA,0,NA,4,26,40,1328,TPA,929,0,1382,NA,9,NA,DFW,NA,N822AA,3,27,AA,NA,1996
165,134,19,455,436,2359,157,,0,0,7,4,11,10,SAT,1069,0,2875,0,3,19,LAS,0,N77302,5,26,YV,0,2007
36,NA,-9,115,124,39,45,NA,0,NA,1,30,0,39,SAN,109,0,137,NA,1,NA,LAX,NA,NA,NA,NA,AA,NA,1989
207,187,2,1037,1035,810,205,,0,0,5,5,0,810,SLC,1261,0,4896,0,5,0,MEM,0,N702EV,10,10,EV,0,2006
69,47,20,755,735,630,65,,0,0,4,6,16,646,IAD,177,0,7952,0,11,4,ROA,0,N319UE,9,13,DH,16,2003
277,NA,2,2138,2136,1900,276,NA,0,NA,4,24,1,1901,SFO,1846,0,911,NA,11,NA,ORD,NA,NA,NA,NA,UA,NA,1994
31,17,-3,855,858,825,33,NA,0,NA,4,18,-1,824,COS,72,0,1575,NA,7,NA,DEN,NA,N933UA,4,10,UA,NA,1996
133,121,0,1620,1620,1255,145,NA,0,NA,3,24,12,1307,BWI,967,0,98,NA,2,NA,MCI,NA,N714,2,10,WN,NA,1999
105,NA,-9,846,855,700,115,NA,0,NA,2,5,1,701,IND,515,0,119,NA,2,NA,BWI,NA,NA,NA,NA,US,NA,1991
82,NA,7,822,815,700,75,NA,0,NA,6,24,0,700,PHX,370,0,603,NA,9,NA,LAX,NA,NA,NA,NA,WN,NA,1988
52,36,0,1454,1454,1355,59,,0,0,4,6,7,1402,IAD,157,0,7314,0,9,0,ORF,0,N506MJ,6,10,YV,0,2007
118,102,4,2337,2333,2130,123,NA,0,NA,5,18,9,2139,ROC,749,0,920,NA,8,NA,ATL,NA,N290WA,3,13,DL,NA,2000
69,NA,-7,2008,2015,1858,77,NA,0,NA,6,14,1,1859,RDU,356,0,1232,NA,8,NA,ATL,NA,NA,NA,NA,DL,NA,1993
67,53,-12,922,934,815,79,NA,0,NA,6,30,0,815,DFW,304,0,1097,NA,10,NA,LIT,NA,N233AA,7,7,AA,NA,1999
70,61,-2,2117,2119,2014,65,,0,0,3,3,-7,2007,ANC,399,0,46,0,5,0,BET,0,N746AS,4,5,AS,0,2006
369,NA,4,1907,1903,1600,363,NA,0,NA,2,21,-2,1558,SFO,2586,0,65,NA,9,NA,JFK,NA,NA,NA,NA,AA,NA,1993
158,135,11,849,838,710,148,NA,0,NA,1,30,1,711,IAH,853,0,191,NA,1,NA,MCO,NA,N15976,8,15,CO,NA,1995
58,NA,-2,1418,1420,1315,65,NA,0,NA,1,3,5,1320,HOU,303,0,644,NA,1,NA,MSY,NA,NA,NA,NA,WN,NA,1994
200,NA,25,945,920,825,175,NA,0,NA,4,18,0,825,LAS,1140,0,1451,NA,11,NA,MCI,NA,NA,NA,NA,WN,NA,1993
210,171,-18,1837,1855,1605,230,NA,0,NA,7,28,2,1607,DFW,1372,0,521,NA,6,NA,EWR,NA,N71314,8,31,CO,NA,1998
49,28,-9,855,904,711,53,,0,NA,6,14,-5,706,FWA,157,0,7082,NA,6,NA,ORD,NA,N651ML,3,18,YV,NA,2008
189,NA,-1,1148,1149,740,189,NA,0,NA,5,13,-1,739,PHL,1324,0,1883,NA,5,NA,IAH,NA,NA,NA,NA,US,NA,1994
102,NA,9,1935,1926,1753,93,NA,0,NA,2,26,0,1753,ORD,403,0,462,NA,6,NA,MCI,NA,NA,NA,NA,AA,NA,1990
70,56,-8,1950,1958,1841,77,NA,0,NA,7,23,-1,1840,SNA,338,0,663,NA,5,NA,PHX,NA,N308AW,6,8,HP,NA,1999
86,70,-23,1346,1409,1230,99,,0,0,2,2,-10,1220,DTW,383,0,7202,0,3,0,IAD,0,N680BR,4,11,DH,0,2004
NA,NA,NA,NA,949,701,108,NA,1,NA,2,29,NA,NA,MSP,680,0,986,NA,12,NA,DEN,NA,NA,NA,NA,UA,NA,1987
180,128,13,2151,2138,1845,173,,0,0,3,31,6,1851,ATL,946,0,1207,0,5,0,BOS,0,N945DL,7,45,DL,0,2006
144,110,9,2304,2255,2030,145,NA,0,NA,7,12,10,2040,ATL,745,0,525,NA,3,NA,EWR,NA,N925DL,6,28,DL,NA,2000
99,86,-6,724,730,550,100,,0,0,5,10,-5,545,ATL,526,0,1428,0,9,0,PIT,0,N979DL,5,8,DL,0,2004
90,77,-7,1658,1705,1428,97,,0,0,2,31,0,1428,SLC,507,0,4032,0,5,0,PHX,0,N446SW,3,10,OO,0,2005
69,53,-5,803,808,655,73,NA,0,NA,6,13,-1,654,CLE,314,0,257,NA,10,NA,BWI,NA,N37263,5,11,CO,NA,2001
97,59,207,2216,1849,1727,82,NA,0,NA,2,15,192,2039,TUL,429,0,215,NA,6,NA,IAH,NA,N12327,8,30,CO,NA,1999
97,73,-11,2151,2202,2020,102,NA,0,NA,2,31,-6,2014,DCA,547,0,1406,NA,12,NA,ATL,NA,N934DL,6,18,DL,NA,2002
200,185,-21,1640,1701,1325,216,NA,0,NA,7,11,-5,1320,FLL,1237,0,2829,NA,2,NA,BOS,NA,N284A?,4,11,US,NA,2001
131,106,6,1111,1105,900,125,,0,0,4,13,0,900,IAH,657,0,2870,0,10,0,BNA,0,N48901,9,16,XE,0,2005
86,56,-11,821,832,700,92,NA,0,NA,5,31,-5,655,BOS,399,0,395,NA,7,NA,DCA,NA,N967VJ,10,20,US,NA,1998
89,70,-14,854,908,725,103,,0,0,2,10,0,725,BOS,468,0,5331,0,4,0,ORF,0,N785CA,10,9,OH,0,2007
140,127,-4,1855,1859,1735,144,NA,0,NA,6,27,0,1735,DEN,770,0,579,NA,4,NA,STL,NA,N906UA,5,8,UA,NA,1996
74,NA,-23,1207,1230,1055,95,NA,0,NA,7,22,-2,1053,CLE,418,0,563,NA,1,NA,LGA,NA,NA,NA,NA,US,NA,1989
204,181,-17,2326,2343,2110,213,,0,0,7,7,-8,2102,ANC,1449,0,667,0,10,0,SEA,0,N56859,7,16,CO,0,2007
66,40,31,1337,1306,1210,56,NA,0,NA,4,10,21,1231,TVC,207,0,1119,NA,10,NA,DTW,NA,N963N,1,25,NW,NA,1996
113,93,-20,1842,1902,1550,132,NA,0,NA,3,2,-1,1549,ATL,732,0,382,NA,4,NA,DFW,NA,N125DL,5,15,DL,NA,2003
83,64,18,2058,2040,1913,87,,0,8,4,27,22,1935,DLH,397,0,4465,10,5,0,ORD,0,N847MQ,2,17,MQ,0,2004
63,45,-17,2332,2349,2234,75,NA,0,NA,5,24,-5,2229,LBB,282,0,3853,NA,8,NA,DFW,NA,#NAME?,2,16,MQ,NA,2001
121,87,14,1251,1237,1050,107,NA,0,NA,2,29,0,1050,EWR,569,0,1124,NA,6,NA,CVG,NA,N295WA,9,25,DL,NA,1999
111,91,3,1911,1908,1614,114,NA,0,NA,3,27,6,1620,ATL,606,0,1788,NA,10,NA,ORD,NA,N2CSAA,9,11,AA,NA,1999
165,140,31,1646,1615,1430,165,,0,3,4,14,31,1501,DFW,984,0,1373,28,8,0,MCO,0,N449AA,16,9,AA,0,2008
133,121,-18,1728,1746,1410,156,NA,0,NA,2,3,5,1415,CMH,927,0,1696,NA,8,NA,DFW,NA,N218AA,3,9,AA,NA,1999
46,33,-4,2144,2148,2100,48,,0,0,4,4,-2,2058,SEA,129,0,5791,0,5,0,PDX,0,N284YV,5,8,OO,0,2006
55,40,-7,2011,2018,1920,58,,0,0,3,13,-4,1916,DTW,155,0,892,0,8,0,CMH,0,N8960E,5,10,NW,0,2003
84,66,-1,921,922,800,82,,0,0,6,15,-3,757,CVG,373,0,1599,0,11,0,ATL,0,N378DL,6,12,DL,0,2003
110,NA,8,1358,1350,1208,102,NA,0,NA,4,22,0,1208,DFW,551,0,551,NA,9,NA,STL,NA,NA,NA,NA,TW,NA,1994
92,NA,9,2100,2051,1928,83,NA,0,NA,7,16,0,1928,OMA,342,0,487,NA,12,NA,STL,NA,NA,NA,NA,TW,NA,1990
211,188,-50,1300,1350,735,255,NA,0,NA,6,26,-6,729,CLE,1565,0,1678,NA,8,NA,SLC,NA,N16649,4,19,CO,NA,2000
52,NA,15,1943,1928,1825,63,NA,0,NA,2,12,26,1851,ORF,290,0,94,NA,1,NA,CLT,NA,NA,NA,NA,PI,NA,1988
64,52,-6,1719,1725,1615,70,NA,0,NA,2,29,0,1615,RNO,345,0,610,NA,7,NA,LAS,NA,N612,2,10,WN,NA,1997
242,NA,1,1531,1530,935,235,NA,0,NA,3,28,-6,929,MKE,1845,0,1231,NA,3,NA,SFO,NA,NA,NA,NA,NW,NA,1990
101,84,6,752,746,710,96,,0,0,4,3,1,711,DEN,541,0,657,0,6,0,TUL,0,N379UA,7,10,UA,0,2004
121,NA,0,1042,1042,840,122,NA,0,NA,2,23,1,841,OKC,693,0,695,NA,5,NA,ORD,NA,NA,NA,NA,AA,NA,1989
106,81,-9,1307,1316,1026,110,NA,0,NA,1,10,-5,1021,RDU,667,0,3036,NA,3,NA,STL,NA,N4XNAA,5,20,AA,NA,2003
98,77,77,2031,1914,1731,103,NA,0,NA,3,29,82,1853,HSV,603,0,612,NA,11,NA,DFW,NA,N2ADAA,5,16,AA,NA,2000
73,NA,3,2223,2220,2110,70,NA,0,NA,3,13,0,2110,BZN,347,0,1804,NA,4,NA,SLC,NA,NA,NA,NA,DL,NA,1988
69,52,-6,1734,1740,1525,75,NA,0,NA,6,23,0,1525,ATL,332,0,964,NA,5,NA,MEM,NA,N477DA,6,11,DL,NA,1998
126,99,-1,806,807,710,117,NA,0,NA,7,26,-10,700,DEN,641,0,1591,NA,1,NA,DFW,NA,N381UA,7,20,UA,NA,2003
66,52,-12,1648,1700,1545,75,,0,0,1,18,-3,1542,ABQ,349,0,6651,0,4,0,DEN,0,N709SK,3,11,OO,0,2005
77,55,-1,1837,1838,1730,68,,0,NA,3,13,-10,1720,CVG,268,0,5604,NA,2,NA,GRR,NA,N408CA,7,15,OH,NA,2008
76,52,10,1233,1223,1110,73,,0,NA,7,27,7,1117,BOI,291,0,922,NA,1,NA,SLC,NA,N399DA,6,18,DL,NA,2008
130,106,-8,1343,1351,934,137,NA,0,NA,4,16,-1,933,DFW,868,0,2546,NA,4,NA,PHX,NA,N169AW,5,19,HP,NA,1998
113,78,6,1916,1910,1730,100,NA,0,NA,1,26,-7,1723,CMH,478,0,4409,NA,5,NA,LGA,NA,N703MQ,5,30,MQ,NA,2003
46,24,-3,944,947,859,48,,0,0,7,17,-1,858,MBS,98,0,1574,0,7,0,DTW,0,N9331,5,17,NW,0,2005
79,65,-11,944,955,825,90,NA,0,NA,5,25,0,825,PHL,448,0,693,NA,10,NA,CLT,NA,N816US,2,12,US,NA,1996
61,45,19,1649,1630,1530,60,,0,18,4,2,18,1548,HOU,239,0,37,0,2,1,DAL,0,N649SW,2,14,WN,0,2006
83,61,-8,2028,2036,1905,91,,0,0,6,11,0,1905,ATL,373,0,755,0,9,0,CVG,0,N307DL,7,15,DL,0,2004
130,69,41,2033,1952,1805,107,,0,0,4,9,18,1823,CVG,388,0,5803,0,9,23,IAD,0,N814CA,2,59,OH,18,2004
118,83,43,1858,1815,1700,75,NA,0,NA,2,5,0,1700,BNA,395,0,1535,NA,5,NA,MDW,NA,N346,3,32,WN,NA,1998
36,25,17,1007,950,910,40,NA,0,NA,4,21,21,931,AUS,148,0,866,NA,5,NA,HOU,NA,N379,2,9,WN,NA,1998
152,136,14,1427,1413,1200,133,NA,0,NA,2,4,-5,1155,ORD,802,0,2244,NA,7,NA,DFW,NA,N549AA,7,9,AA,NA,2000
298,257,17,1224,1207,930,277,,0,0,1,30,-4,926,DEN,1754,0,441,0,10,17,BOS,0,N851UA,8,33,UA,0,2006
658,617,12,1932,1920,1320,660,,0,NA,2,15,14,1334,HNL,4962,0,15,NA,1,NA,EWR,NA,N66051,9,32,CO,NA,2008
67,53,8,1228,1220,11,,,,,,,,,,,,,,,,,,,,,,,
